participant_id,base_train,residual_train,evaluation
DOLOS_P_05750435,1,0,0
DOLOS_P_2238F73B,1,0,0
DOLOS_P_26FA300F,1,0,0
DOLOS_P_2CF436EF,1,0,0
DOLOS_P_3362BF8A,1,0,0
DOLOS_P_3ADC835E,1,1,0
DOLOS_P_3B8AD368,1,0,0
DOLOS_P_441F2620,1,0,0
DOLOS_P_5919256B,1,0,0
DOLOS_P_635EE55D,1,0,0
DOLOS_P_6CFF2878,1,1,0
DOLOS_P_7506D120,1,1,0
DOLOS_P_870EDA9B,1,0,0
DOLOS_P_8BC28259,1,1,0
DOLOS_P_8D8CDA1F,1,1,0
DOLOS_P_90429E13,1,0,0
DOLOS_P_97A53D70,1,0,0
DOLOS_P_97FC906F,1,0,0
DOLOS_P_A1008D33,1,0,0
DOLOS_P_B6E838AB,1,0,0
DOLOS_P_BE82EAF4,1,1,0
DOLOS_P_C1BC7CEE,1,0,0
DOLOS_P_C1E96018,1,0,0
DOLOS_P_C2C56810,1,0,0
DOLOS_P_D815A829,1,0,0
DOLOS_P_E092377A,1,0,0
DOLOS_P_E873F3BD,1,0,0
DOLOS_P_E94BAE04,1,0,0
DOLOS_P_EE9CCED9,1,0,0
DOLOS_P_F139F8F5,1,1,0
DOLOS_P_3AA2534B,0,0,1
DOLOS_P_3D673C54,0,0,1
DOLOS_P_48153E7B,0,0,1
DOLOS_P_509722F0,0,0,1
DOLOS_P_513CD2E7,0,0,1
DOLOS_P_5F5AEA99,0,0,1
DOLOS_P_6627DA18,0,0,1
DOLOS_P_783FFFDD,0,0,1
DOLOS_P_7943E18E,0,0,1
DOLOS_P_8206119F,0,0,1
DOLOS_P_8F1AD80A,0,0,1
DOLOS_P_A09BC1E2,0,0,1
DOLOS_P_BE5609C3,0,0,1
DOLOS_P_C218E141,0,0,1
DOLOS_P_DF742000,0,0,1
DOLOS_P_F1921488,0,0,1
